{"cameraMode":{"drawMode":0,"name":"Shaded","section":"Shading Mode"},"sceneLighting":true,"audioPlay":false,"sceneViewState":{"showFog":true,"showMaterialUpdate":false,"showSkybox":true,"showFlares":true,"showImageEffects":true,"showParticleSystems":true,"showVisualEffectGraphs":true,"m_FxEnabled":true},"in2DMode":false,"pivot":{"x":21.295303344726564,"y":33.822967529296878,"z":-13.69021987915039},"rotation":{"x":0.02951965481042862,"y":0.8971033096313477,"z":-0.06064671277999878,"w":0.4366767108440399},"size":36.658592224121097,"orthographic":false}